,Goals,Shots,G/Sh,Assists,PasCmp,Touches,DriPast,CarTotDist,Crs,GCA,TklWon,Press,Clr,Int,Blocks,Fls,AerWon
4,0.0,2.22,0.0,0.12,11.1,33.0,0.86,74.7,0.25,0.25,0.86,23.5,0.86,0.99,1.23,2.22,2.72
5,0.5,2.71,0.15,0.12,14.6,32.4,1.14,76.8,0.7,0.35,0.64,13.6,0.9,0.44,0.96,1.25,2.39
9,0.31,2.16,0.14,0.13,14.8,33.7,0.75,83.0,0.48,0.18,0.4,14.6,0.66,0.44,1.1,1.37,2.47
22,0.39,1.94,0.15,0.26,22.0,41.5,0.63,72.2,0.59,0.3,0.82,17.1,1.05,0.49,0.79,1.32,5.07
31,0.82,3.15,0.26,0.0,14.5,34.5,1.51,90.1,0.41,0.55,0.55,14.0,0.82,0.41,0.96,1.1,2.74
35,0.11,2.18,0.05,0.34,14.3,28.6,0.46,62.9,0.23,0.69,0.34,12.9,0.11,0.46,0.92,0.8,1.84
41,0.2,2.06,0.1,0.05,11.2,29.1,1.23,132.8,1.42,0.34,0.34,23.3,0.05,0.64,0.93,1.52,0.74
43,0.06,2.55,0.02,0.12,25.1,48.4,2.06,281.3,1.88,0.18,0.91,12.7,0.18,0.61,0.79,1.09,1.03
55,0.19,1.37,0.14,0.25,34.5,57.7,1.96,224.1,2.21,0.53,1.56,24.4,0.5,1.15,2.02,1.37,0.56
56,0.21,2.5,0.09,0.07,12.0,30.6,0.5,57.3,1.07,0.29,0.64,13.7,0.64,0.21,0.5,1.93,3.71
64,0.11,1.25,0.09,0.0,15.8,35.8,0.91,84.5,1.14,0.0,1.25,22.7,0.91,0.91,1.02,1.82,2.16
66,0.3,2.52,0.12,0.24,14.1,36.1,1.48,133.3,1.64,0.52,0.7,13.9,0.52,0.42,0.79,1.55,2.45
73,0.13,2.99,0.04,0.13,14.2,31.1,1.27,123.1,1.4,0.19,0.45,15.2,0.38,0.57,0.64,0.96,0.89
75,0.47,3.04,0.13,0.03,22.8,42.0,1.2,121.9,0.67,0.2,0.5,15.4,0.54,0.5,0.47,1.67,1.64
78,0.24,2.77,0.09,0.24,13.7,28.9,1.57,85.7,0.24,0.6,0.72,16.0,0.96,0.36,0.48,2.17,2.17
82,0.5,2.45,0.17,0.15,28.5,49.9,1.11,190.4,2.51,0.44,0.2,12.0,0.41,0.61,1.02,0.76,1.02
86,0.92,3.17,0.29,0.08,15.4,29.4,0.5,62.3,0.75,0.17,0.17,16.3,0.25,0.42,1.42,0.58,0.75
87,0.35,2.87,0.12,0.09,12.6,28.0,0.26,89.0,0.78,0.26,0.61,17.5,0.26,0.09,1.65,1.57,2.43
91,0.62,2.73,0.2,0.04,13.8,35.4,1.45,98.4,0.37,0.21,0.37,15.1,0.95,0.25,0.7,1.2,2.4
92,0.13,1.56,0.09,0.13,25.4,50.6,1.83,236.3,2.23,0.27,1.52,23.0,0.4,1.25,1.65,1.88,1.38
98,0.0,1.58,0.0,0.18,12.5,27.4,1.4,88.1,0.53,0.35,0.53,10.7,0.88,0.18,1.4,0.53,2.11
102,0.25,1.97,0.13,0.08,13.8,30.0,0.82,72.5,0.66,0.08,0.66,18.0,0.41,0.49,1.23,2.21,1.8
103,1.0,4.75,0.21,0.0,13.0,29.0,0.5,82.3,1.0,0.75,0.5,17.8,0.25,0.25,0.75,1.75,2.0
112,0.32,3.23,0.1,0.32,13.7,28.2,0.81,74.5,0.65,0.48,0.32,17.9,1.29,0.48,0.97,1.13,0.81
119,0.11,1.67,0.0,0.0,14.4,34.6,0.44,64.4,0.44,0.11,1.11,17.4,0.44,0.67,0.67,2.67,4.56
129,0.52,2.31,0.19,0.19,14.9,30.2,1.27,64.4,0.34,0.41,0.3,14.6,0.41,0.37,0.56,0.78,1.72
135,0.36,2.91,0.13,0.36,23.1,49.6,0.36,120.4,0.55,0.55,0.55,21.3,1.45,1.09,1.64,2.55,9.64
136,0.27,1.87,0.12,0.11,18.2,36.7,1.15,108.7,0.99,0.27,0.33,11.3,0.82,0.33,0.55,1.21,2.69
145,0.53,3.62,0.09,0.07,16.7,39.2,0.92,112.3,0.66,0.2,0.46,12.8,0.46,0.46,0.92,1.84,4.28
147,0.89,2.31,0.26,0.18,17.5,34.0,1.1,102.1,0.85,0.46,0.5,16.8,0.07,0.21,0.6,0.78,0.82
149,0.3,2.73,0.11,0.15,11.7,27.9,1.67,77.6,0.91,0.3,0.0,11.7,0.3,0.3,0.61,0.76,1.67
155,0.31,3.07,0.1,0.08,16.1,36.4,0.87,81.4,0.16,0.08,0.16,9.45,2.36,0.08,0.63,1.34,6.93
156,0.94,4.1,0.17,0.42,36.7,52.8,1.25,180.2,0.94,0.73,0.17,9.06,0.52,0.24,0.35,0.49,0.63
157,0.48,3.29,0.09,0.45,32.5,59.4,1.21,221.9,1.63,0.77,0.61,17.5,0.8,1.63,1.44,2.01,0.77
165,0.46,2.66,0.17,0.0,11.1,31.4,2.2,77.0,0.5,0.12,0.33,15.3,0.95,0.37,1.04,2.32,3.15
169,0.15,2.48,0.03,0.3,18.5,37.1,0.83,99.5,0.38,0.38,0.83,17.4,1.13,0.45,1.35,1.5,3.91
175,0.37,1.96,0.19,0.09,12.5,27.7,1.31,52.5,0.28,0.28,0.65,19.8,0.09,0.19,0.56,1.78,1.78
186,0.3,1.93,0.16,0.15,19.6,39.2,1.33,112.5,1.1,0.38,1.02,26.1,0.38,0.23,1.06,1.78,2.31
189,0.36,2.42,0.15,0.3,17.7,38.5,0.88,163.6,1.72,0.63,0.79,16.9,0.24,1.15,1.42,0.79,1.21
191,0.37,2.58,0.14,0.16,17.2,44.5,2.42,137.1,0.58,0.47,0.89,17.2,1.0,0.53,1.16,2.32,1.26
197,0.27,2.19,0.13,0.0,11.4,31.8,1.55,119.6,0.87,0.14,0.55,17.2,0.37,0.59,1.0,1.74,4.29
204,0.41,2.28,0.14,0.1,11.7,32.1,0.62,57.5,0.26,0.21,0.57,20.9,0.62,0.36,1.24,2.07,6.11
228,0.07,1.18,0.06,0.14,33.8,50.3,0.56,142.2,2.36,0.28,1.04,11.7,0.21,0.83,0.63,0.21,0.76
229,0.35,2.1,0.1,0.14,12.6,32.4,0.42,60.3,0.21,0.28,0.77,13.8,0.84,0.42,0.77,1.47,6.78
237,0.35,1.74,0.2,0.1,14.7,26.7,0.45,71.7,0.74,0.32,0.13,8.81,0.32,0.13,0.23,0.77,1.0
242,0.15,1.85,0.08,0.0,17.2,36.0,0.77,88.2,0.23,0.08,0.54,17.7,1.92,0.38,0.85,2.46,5.46
256,0.24,2.12,0.11,0.12,21.2,34.8,0.47,45.9,0.35,0.24,0.24,12.4,0.82,1.06,1.06,1.06,0.59
295,0.53,3.07,0.17,0.09,25.1,43.8,1.4,199.9,0.96,0.26,0.61,19.3,0.26,0.7,0.7,1.4,1.14
300,0.53,2.87,0.19,0.0,12.7,31.2,0.32,50.4,0.32,0.0,0.53,9.79,1.06,0.43,0.32,1.28,7.45
311,0.51,3.05,0.17,0.34,14.2,35.2,0.68,106.6,0.68,0.59,1.44,22.1,0.68,0.68,1.27,2.37,2.37
312,0.19,3.27,0.06,0.0,11.0,26.7,0.71,98.5,1.28,0.19,0.45,14.2,0.19,0.51,0.71,0.9,0.71
319,0.39,2.02,0.19,0.23,13.3,29.6,0.47,50.2,0.31,0.54,0.85,18.1,0.62,0.23,0.85,1.55,1.71
328,0.48,2.12,0.2,0.0,16.9,32.3,1.12,85.7,0.51,0.16,0.61,18.1,0.32,0.38,0.58,0.9,0.96
337,0.13,1.79,0.07,0.13,22.6,38.4,0.99,151.0,0.0,0.13,1.06,19.0,0.66,0.4,0.79,1.06,1.13
342,0.59,3.6,0.13,0.07,15.4,36.6,0.59,70.9,1.8,0.37,0.37,12.4,0.48,0.48,0.66,1.4,3.2
344,0.86,3.43,0.19,0.16,12.6,32.6,1.18,68.3,0.33,0.61,0.45,12.9,1.02,0.33,0.98,1.18,2.73
345,0.06,3.12,0.02,0.83,38.7,66.0,4.01,381.8,6.11,1.02,1.21,15.2,0.06,0.83,0.7,0.7,0.32
352,0.58,2.72,0.14,0.1,35.2,60.8,1.89,172.5,2.96,0.53,0.34,10.3,0.15,0.34,0.63,1.21,0.87
353,0.46,2.84,0.16,0.05,10.8,31.3,0.52,44.8,0.26,0.21,0.41,13.8,0.82,0.31,0.93,2.27,3.56
356,0.27,2.79,0.1,0.38,48.9,76.3,2.24,351.8,3.55,0.71,0.98,14.6,0.16,0.98,0.87,0.66,0.05
358,0.35,2.62,0.14,0.35,13.8,29.3,0.92,96.1,0.5,0.5,0.64,14.9,0.28,0.64,0.78,1.63,2.27
361,0.64,2.92,0.18,0.06,15.6,35.7,1.52,79.9,0.47,0.53,0.41,15.8,0.64,0.35,0.88,1.11,3.1
365,0.38,3.58,0.11,0.28,37.2,56.1,3.21,261.8,2.08,0.38,0.94,15.4,0.19,0.38,0.85,1.51,0.94
384,0.36,2.35,0.1,0.12,10.5,27.3,0.84,65.8,0.18,0.18,0.6,18.2,1.02,0.48,0.96,2.05,1.51
389,0.13,2.38,0.06,0.04,18.6,39.9,1.97,180.4,2.2,0.18,1.03,16.8,0.27,0.49,1.21,1.26,0.31
407,0.47,3.18,0.15,0.22,21.1,41.8,0.84,126.3,1.35,0.55,0.66,10.6,1.06,0.29,0.88,1.02,3.47
411,0.34,2.18,0.13,0.17,18.1,39.3,1.55,124.4,0.46,0.17,0.75,19.5,0.92,0.63,1.38,1.61,2.64
415,0.71,2.06,0.31,0.21,20.4,45.0,2.41,136.5,0.71,0.64,0.92,18.1,0.99,1.06,0.99,1.35,2.2
416,0.15,1.56,0.1,0.15,25.6,46.1,1.33,149.6,1.19,0.37,1.26,21.4,0.44,1.41,1.78,0.81,2.0
421,0.51,2.17,0.23,0.05,8.48,23.1,0.56,68.5,0.76,0.3,0.71,15.8,0.15,0.3,0.91,1.01,0.71
423,0.35,2.54,0.11,0.07,8.87,23.5,0.42,40.8,0.28,0.28,0.35,16.1,1.27,0.35,0.92,0.77,3.24
437,0.65,3.55,0.18,0.0,14.3,31.7,0.32,55.2,0.32,0.32,0.11,15.9,1.29,0.0,0.54,2.15,3.66
439,1.08,4.86,0.22,0.0,36.8,62.2,2.16,230.3,1.08,0.54,0.54,19.2,0.0,0.81,1.35,2.7,0.27
454,0.45,2.73,0.17,0.36,35.7,60.8,1.73,184.6,0.73,0.55,1.91,22.6,0.27,0.36,1.82,0.82,1.18
456,0.38,2.46,0.16,0.21,37.5,56.2,1.69,197.2,2.5,0.55,0.64,17.4,0.04,0.72,0.51,0.72,0.34
462,0.21,2.34,0.09,0.0,11.7,26.6,0.43,52.1,0.64,0.21,0.64,16.6,0.64,0.21,0.85,2.34,4.04
484,0.42,2.45,0.15,0.11,24.1,40.3,0.72,145.2,0.87,0.3,0.49,17.8,0.04,0.53,0.6,0.64,0.45
486,0.44,2.81,0.16,0.09,13.1,29.6,1.05,73.2,0.35,0.26,0.0,12.6,0.18,0.18,0.53,0.79,1.49
487,0.21,2.01,0.1,0.12,19.4,41.7,0.66,178.9,5.11,0.21,1.08,13.4,0.63,1.86,1.65,0.99,0.24
493,0.3,2.2,0.14,0.1,18.6,40.6,0.4,69.8,0.95,0.25,0.9,22.9,1.05,0.85,1.65,2.5,3.9
499,0.18,1.46,0.13,0.14,16.5,30.5,0.18,51.9,0.59,0.23,0.96,15.9,1.1,0.68,0.73,1.23,2.6
500,0.36,2.18,0.17,0.36,13.3,31.6,0.18,52.0,0.55,0.55,0.91,18.9,0.73,0.0,0.55,2.73,2.73
510,0.52,2.9,0.15,0.14,16.0,33.7,0.14,36.0,0.19,0.29,0.52,18.0,0.95,0.19,0.9,1.62,4.67
516,0.34,2.63,0.13,0.17,14.0,32.1,1.69,107.5,0.68,0.51,0.59,20.0,0.59,0.34,0.51,1.61,0.59
518,0.23,1.94,0.12,0.05,12.2,29.7,0.37,65.1,0.83,0.18,0.28,10.6,0.78,0.18,0.41,2.53,4.06
521,0.13,2.56,0.05,0.0,16.7,38.6,1.15,133.7,1.15,0.13,0.26,15.3,0.26,0.64,0.51,2.31,2.95
527,0.27,2.63,0.06,0.23,26.9,52.2,2.52,217.1,2.1,0.53,0.76,14.1,0.11,1.26,1.15,1.3,3.13
536,0.14,2.11,0.07,0.14,39.0,57.1,1.74,365.2,1.69,0.33,0.7,12.6,0.33,0.75,0.94,0.85,0.75
538,0.61,3.6,0.12,0.18,17.5,34.9,1.83,142.7,2.01,0.49,0.18,7.93,0.06,0.12,0.49,0.18,0.12
541,0.42,2.53,0.15,0.11,15.9,35.3,0.47,94.9,0.79,0.32,0.74,21.7,0.84,0.63,0.84,1.58,1.68
545,0.2,2.65,0.08,0.41,11.6,29.6,2.04,104.5,0.41,0.61,1.22,16.9,0.2,0.41,1.22,2.86,3.06
551,0.8,3.98,0.2,0.0,21.5,41.3,0.88,117.3,0.18,0.09,0.44,14.5,0.53,0.18,0.53,1.95,3.63
562,1.04,3.49,0.22,0.38,16.0,33.7,0.61,76.5,0.38,0.66,0.09,12.8,1.37,0.19,0.57,0.8,2.36
571,0.0,2.41,0.0,0.0,13.8,29.1,0.0,38.4,0.34,0.0,1.55,24.7,0.0,0.52,0.69,2.59,3.97
572,0.2,2.24,0.09,0.1,22.9,46.8,1.53,167.3,2.24,0.31,0.71,20.0,0.31,0.31,1.02,2.35,0.41
590,0.38,2.13,0.18,0.09,12.0,33.0,0.6,75.1,0.43,0.26,0.21,10.1,1.11,0.13,0.51,2.47,4.38
610,0.29,1.94,0.07,0.16,17.3,37.9,1.59,132.3,1.42,0.26,0.84,22.8,0.42,0.58,1.13,2.2,0.78
622,0.71,4.34,0.16,0.18,28.0,49.2,0.27,117.3,0.71,0.44,0.0,9.03,0.88,0.62,0.35,1.33,5.13
623,0.35,2.46,0.14,0.0,10.5,21.8,0.18,49.4,0.35,0.35,0.26,16.5,1.14,0.7,0.26,1.32,0.44
626,0.57,2.17,0.18,0.0,13.8,29.7,0.97,81.1,0.34,0.23,0.23,14.9,0.29,0.4,0.51,1.49,1.37
629,0.29,2.21,0.13,0.36,19.4,38.6,1.14,126.7,0.71,0.57,0.64,17.4,0.71,0.29,1.14,1.86,1.07
631,0.14,2.22,0.06,0.14,31.9,51.3,2.5,232.8,1.25,0.28,0.97,19.0,0.14,0.69,1.67,0.97,0.69
634,0.9,3.62,0.18,0.07,23.1,41.6,0.56,128.4,0.83,0.47,0.3,15.1,0.5,0.4,0.47,1.2,0.6
635,0.33,2.27,0.13,0.28,12.2,29.5,0.62,77.3,0.81,0.38,0.52,18.2,0.9,0.71,1.42,0.95,1.09
637,0.43,3.19,0.02,0.31,47.2,71.1,1.93,280.1,2.05,0.63,0.83,14.2,0.0,1.57,1.3,0.75,0.2
638,0.25,2.98,0.06,0.08,13.9,31.1,2.02,121.1,0.92,0.21,0.38,10.9,0.34,0.17,0.63,1.39,1.3
641,0.28,2.25,0.13,0.0,12.7,34.1,0.56,57.2,0.56,0.0,0.85,21.0,0.7,0.28,0.28,2.68,5.07
652,0.26,2.78,0.09,0.13,14.5,34.9,1.26,129.4,1.62,0.23,0.58,14.7,0.71,0.45,0.97,1.46,2.01
656,0.38,3.01,0.11,0.38,30.5,49.4,2.15,190.6,1.29,0.86,0.57,14.1,0.33,0.86,1.2,1.44,1.0
658,0.21,1.95,0.09,0.14,19.1,41.4,1.54,108.4,0.68,0.51,0.79,15.2,0.92,0.65,1.23,1.88,2.53
662,0.82,3.56,0.23,0.0,19.3,40.5,0.55,61.6,0.0,0.0,1.37,13.8,1.37,0.41,0.41,1.23,4.93
665,0.51,1.8,0.19,0.22,23.2,39.7,0.51,113.8,0.34,0.34,0.73,12.6,0.73,0.45,0.45,0.73,1.18
666,0.4,2.59,0.09,0.12,19.8,43.9,0.55,55.8,1.15,0.26,0.23,13.3,1.35,0.32,0.75,1.35,9.05
667,0.57,3.46,0.16,0.15,21.6,42.9,1.52,151.9,0.61,0.53,0.8,22.4,0.23,0.65,0.72,1.52,1.41
668,0.53,3.98,0.13,0.09,23.4,46.3,1.42,149.5,0.71,0.27,0.27,11.2,0.71,0.35,0.44,0.88,2.12
669,0.24,3.9,0.06,0.73,13.2,29.8,1.71,79.3,0.24,0.73,0.49,10.7,0.98,0.49,0.49,0.98,2.68
670,0.68,2.32,0.29,0.17,17.6,33.7,1.14,110.3,0.38,0.25,1.22,19.4,0.38,0.72,1.18,1.9,1.14
671,0.57,2.71,0.21,0.33,36.5,59.9,3.85,363.8,1.97,0.84,1.17,18.4,0.1,0.47,0.97,1.4,0.13
673,0.3,3.03,0.1,0.0,29.7,47.3,0.61,164.2,1.21,0.3,0.61,13.6,0.3,0.61,0.91,1.52,1.21
680,0.18,3.21,0.06,0.0,24.3,43.4,1.25,142.0,1.25,0.0,1.25,22.3,0.18,1.25,1.96,1.07,0.89
681,0.44,2.65,0.14,0.07,19.6,40.4,0.44,70.1,0.44,0.22,0.29,17.9,0.74,0.51,0.66,0.96,6.03
682,0.5,2.51,0.17,0.0,16.9,33.1,0.88,131.4,0.59,0.17,0.33,14.1,0.0,0.33,0.33,0.59,0.33
683,0.89,2.89,0.31,0.22,18.9,38.9,0.67,64.7,0.22,0.44,0.22,7.78,0.44,0.0,0.67,3.56,1.33
688,0.47,3.65,0.1,0.25,18.4,39.9,1.87,147.4,1.11,0.58,0.28,10.5,1.06,0.19,0.61,1.28,2.65
693,0.41,2.3,0.18,0.16,14.7,32.8,1.64,101.4,0.9,0.16,0.49,14.3,0.33,0.33,0.74,1.97,1.97
703,0.24,2.46,0.08,0.05,17.0,38.6,0.68,120.6,1.06,0.19,0.58,16.5,0.63,0.48,0.68,1.21,3.96
708,0.2,1.92,0.08,0.12,15.5,34.6,1.52,111.8,0.96,0.28,0.84,19.4,1.08,0.48,0.84,1.76,3.72
712,0.19,2.34,0.03,0.06,15.0,39.4,0.63,56.1,1.2,0.06,0.06,16.0,1.77,0.38,0.82,2.09,8.48
717,0.24,2.14,0.11,0.0,12.1,35.0,1.43,105.2,0.95,0.24,0.48,19.3,0.71,0.71,0.95,1.9,1.9
724,0.62,1.73,0.36,0.12,12.5,28.8,0.37,80.7,0.62,0.37,0.74,15.7,0.37,0.25,0.86,1.6,1.73
741,0.2,2.4,0.08,0.2,13.8,37.2,3.0,102.6,1.2,0.6,0.8,22.8,0.2,0.0,1.4,1.8,3.6
748,0.0,2.5,0.0,0.23,15.9,36.1,1.59,61.1,0.0,0.23,0.23,19.8,0.0,0.0,1.59,3.18,2.73
749,0.37,3.15,0.12,0.0,13.0,28.9,0.0,48.5,0.74,0.19,0.19,7.59,1.11,0.37,0.56,1.3,6.11
750,0.4,2.74,0.12,0.26,14.3,32.4,0.56,80.8,1.29,0.59,0.5,19.3,0.63,0.56,1.02,1.16,2.9
751,0.79,3.42,0.23,0.0,16.1,37.6,1.05,118.7,1.32,0.0,0.26,12.6,2.11,1.05,0.79,0.79,3.68
758,0.44,1.95,0.23,0.18,36.2,56.3,1.5,239.5,0.97,0.35,2.48,20.0,0.27,0.97,1.33,1.95,0.8
759,0.45,2.09,0.21,0.0,19.1,42.1,1.34,151.3,0.9,0.0,0.3,8.51,0.75,0.0,0.6,1.19,2.99
760,0.18,2.11,0.08,0.0,15.6,37.5,1.4,62.5,0.0,0.0,0.53,21.8,0.7,0.7,0.88,1.23,4.91
765,0.21,1.44,0.14,0.0,12.6,33.7,1.34,96.1,1.65,0.0,0.41,20.5,1.13,0.1,1.03,1.55,3.92
769,0.31,2.3,0.14,0.19,12.7,34.7,0.99,121.6,1.74,0.19,0.5,24.3,0.81,0.56,0.99,1.37,2.36
773,0.38,3.36,0.11,0.35,20.0,41.6,3.67,267.9,2.39,0.73,0.62,9.24,0.17,0.76,0.73,1.0,1.25
786,1.07,4.8,0.19,0.09,18.0,36.7,1.13,109.0,0.89,0.46,0.24,9.79,0.24,0.37,0.73,0.76,2.14
796,0.29,2.65,0.11,0.0,13.5,41.2,0.59,53.8,1.18,0.0,0.88,24.4,0.29,0.29,0.88,2.65,7.94
808,0.28,2.85,0.1,0.28,26.1,46.6,1.51,236.3,2.4,0.61,0.78,18.0,0.34,0.78,1.51,1.79,0.61
815,0.45,2.37,0.17,0.0,13.2,28.5,1.07,71.4,0.51,0.28,0.17,10.7,1.19,0.06,0.56,0.45,2.71
824,0.34,1.55,0.22,0.0,19.3,35.0,0.34,64.0,0.34,0.0,0.17,17.1,0.52,0.17,0.34,2.76,3.45
829,0.66,3.37,0.13,0.3,46.2,67.2,1.57,290.4,3.25,0.42,0.36,11.6,0.06,0.78,0.96,0.6,0.72
837,0.27,2.51,0.11,0.16,21.4,42.1,1.07,162.9,1.87,0.64,0.64,12.5,0.59,0.43,0.86,0.59,0.48
840,0.26,2.6,0.06,0.0,17.3,39.9,1.07,107.4,0.31,0.2,0.51,18.9,0.82,0.31,0.87,3.11,3.67
844,0.21,2.55,0.08,0.0,11.3,25.1,0.0,81.1,1.28,0.0,0.0,7.23,0.64,0.64,0.64,0.21,0.64
849,0.51,3.16,0.16,0.06,26.2,49.7,1.66,211.1,1.63,0.42,0.58,14.4,0.32,0.48,1.15,1.66,0.93
856,0.59,3.56,0.14,0.0,13.8,34.8,1.49,89.3,0.5,0.3,0.79,22.9,0.2,0.1,0.69,2.18,2.67
868,0.26,3.68,0.07,0.26,11.6,25.8,1.32,76.3,0.53,0.53,0.53,16.6,1.05,0.26,0.26,0.53,3.16
872,0.3,1.96,0.13,0.13,13.4,29.6,0.51,80.7,0.43,0.26,0.6,18.6,0.38,0.26,0.6,3.15,1.15
878,0.83,4.37,0.16,0.12,15.7,34.8,0.83,97.6,0.71,0.39,0.71,14.9,0.28,0.87,0.98,1.65,1.3
885,0.13,1.2,0.11,0.0,18.0,39.3,0.67,106.8,0.8,0.0,0.53,14.7,0.67,0.67,0.67,3.07,3.47
889,0.39,2.91,0.14,0.08,13.3,30.6,1.26,72.4,0.71,0.16,0.39,19.6,1.18,0.31,0.94,1.5,3.31
893,0.32,2.33,0.12,0.08,18.9,35.0,1.3,98.3,0.2,0.12,0.47,20.1,0.12,0.4,0.83,1.46,0.95
895,0.52,1.38,0.31,0.09,16.7,33.1,1.29,101.1,0.6,0.52,0.43,13.6,0.26,0.78,1.29,1.12,1.98
899,0.83,4.29,0.17,0.54,34.6,58.9,3.3,249.2,2.56,1.13,0.33,8.36,0.39,0.42,0.15,0.8,0.18
900,0.12,2.38,0.04,0.22,16.8,37.8,1.15,133.9,1.67,0.37,0.77,15.6,0.65,0.71,1.18,0.71,1.05
901,0.0,1.04,0.0,0.0,10.8,30.8,2.08,158.3,2.5,0.21,0.63,16.7,0.0,0.42,2.08,1.46,2.5
928,0.79,2.37,0.33,0.26,21.8,51.1,1.05,116.3,2.11,1.05,1.84,23.7,0.0,0.26,2.11,3.68,4.47
931,0.45,3.38,0.11,0.13,19.7,34.2,0.32,78.0,0.19,0.38,0.32,15.4,0.7,0.25,0.7,1.34,2.1
936,0.27,2.24,0.12,0.11,17.3,38.7,0.46,78.4,0.46,0.27,0.8,19.3,0.87,0.57,1.37,2.13,5.36
940,0.5,3.03,0.16,0.0,12.0,28.5,0.8,76.8,0.45,0.25,0.35,14.1,0.85,0.2,0.4,1.64,3.53
946,0.69,3.69,0.18,0.14,10.1,26.3,0.34,33.4,0.41,0.17,0.21,12.7,1.24,0.21,0.41,1.41,3.76
949,0.27,1.93,0.1,0.13,14.1,30.3,1.23,90.1,0.5,0.33,0.47,14.7,0.8,0.33,0.73,0.93,1.96
952,0.46,2.06,0.22,0.23,15.8,34.1,0.32,61.7,0.46,0.23,0.28,10.2,0.55,0.28,0.69,1.1,4.95
961,0.35,2.34,0.13,0.16,20.0,40.5,1.05,162.2,1.09,0.47,0.59,17.0,0.74,0.63,1.45,1.91,1.52
965,0.68,2.73,0.22,0.23,24.5,48.3,2.58,164.8,0.98,0.45,0.3,8.64,0.98,0.53,0.68,1.06,2.27
970,0.35,2.8,0.1,0.08,17.6,40.5,0.39,97.5,0.43,0.35,0.51,21.1,0.51,0.47,0.74,1.98,9.77
979,0.53,3.22,0.13,0.47,32.8,60.9,3.22,214.1,1.87,0.88,0.41,13.2,0.29,0.53,0.88,0.94,1.93
981,0.31,3.06,0.06,0.19,16.5,42.6,0.5,91.3,0.5,0.38,0.19,11.0,1.63,0.69,1.44,1.81,9.0
997,0.29,2.71,0.08,0.08,13.5,32.8,0.75,66.4,0.79,0.13,0.08,8.08,0.83,0.38,0.67,0.96,5.42
1005,0.53,2.11,0.25,0.26,7.11,23.9,1.05,41.8,0.53,0.53,0.53,20.3,0.26,0.53,0.79,3.68,1.84
1008,0.17,2.44,0.05,0.06,17.2,35.3,0.63,71.0,0.4,0.28,0.0,12.4,0.91,0.34,0.51,0.8,3.64
1009,0.35,2.91,0.12,0.12,13.4,35.6,0.81,68.5,0.35,0.23,0.81,18.4,0.35,0.12,0.81,2.91,2.79
1010,0.39,2.17,0.18,0.23,12.6,29.7,0.78,65.3,0.62,0.47,0.54,14.7,0.54,0.23,1.24,1.16,2.64
1013,0.0,2.0,0.0,0.0,13.8,36.4,2.0,146.9,0.67,0.0,0.22,22.2,0.0,0.67,0.67,2.67,0.22
1014,0.2,2.35,0.09,0.0,14.9,34.7,0.92,89.4,0.1,0.0,0.51,19.3,1.22,0.41,1.63,2.35,5.51
1015,0.54,3.01,0.18,0.11,20.1,40.1,1.4,174.9,1.18,0.43,0.75,19.1,0.75,0.65,0.75,2.26,0.97
1022,0.11,2.13,0.05,0.11,14.6,32.4,0.64,58.7,0.0,0.21,0.43,12.7,0.74,0.43,0.85,1.38,2.23
1024,0.17,1.85,0.09,0.08,16.9,33.9,1.01,139.8,0.34,0.17,0.25,14.8,1.18,0.17,0.67,2.77,1.93
1026,0.25,2.16,0.12,0.17,28.0,53.8,1.95,195.7,2.5,0.3,1.14,16.9,1.02,1.19,1.65,1.99,1.31
1039,0.19,2.48,0.08,0.31,13.6,39.6,2.1,116.8,2.14,0.5,0.46,20.3,0.23,0.42,1.41,1.68,2.75
1042,0.3,2.68,0.08,0.15,25.1,50.5,1.36,179.4,2.73,0.25,0.51,12.9,0.56,0.4,0.86,1.06,1.41
1043,0.64,4.14,0.15,0.09,11.2,29.8,1.0,133.7,0.64,0.36,0.41,14.0,0.77,0.41,0.77,1.64,2.09
1053,0.53,4.74,0.07,0.0,17.5,44.4,1.58,97.0,0.7,0.18,0.35,14.0,1.05,0.53,0.18,1.58,2.81
1069,0.3,2.13,0.14,0.06,19.8,40.1,0.3,43.2,0.41,0.18,0.47,11.4,0.77,0.41,1.07,2.78,8.82
1072,0.4,1.64,0.24,0.18,34.8,52.5,1.5,258.5,1.37,0.4,1.02,13.5,0.27,0.8,0.93,1.5,0.13
1073,0.35,2.36,0.11,0.11,14.2,31.5,0.98,100.8,0.57,0.19,0.46,13.1,0.62,0.35,0.62,2.09,2.25
1085,0.14,0.99,0.14,0.07,19.6,35.2,0.85,111.3,1.42,0.21,0.0,13.1,0.35,0.35,0.43,0.57,0.14
1090,0.46,2.0,0.23,0.15,18.0,37.1,1.69,168.6,0.92,0.15,0.62,13.2,0.46,0.0,0.15,2.46,2.15
1096,0.37,2.72,0.14,0.0,15.4,31.0,0.62,82.1,0.37,0.12,0.37,25.4,0.99,0.49,0.74,0.99,2.72
1097,0.26,3.08,0.08,0.0,13.8,32.1,0.77,73.8,0.26,0.26,0.26,21.8,1.54,0.0,0.51,2.82,2.82
1103,0.41,2.7,0.1,0.06,12.6,32.3,0.41,85.4,0.85,0.28,0.19,12.4,0.78,0.31,0.75,0.97,3.2
1108,0.16,2.3,0.07,0.22,30.1,53.3,1.31,228.2,3.77,0.44,0.98,16.9,0.38,0.87,1.09,1.09,0.44
1109,0.38,2.08,0.17,0.04,11.3,30.5,0.35,45.7,0.38,0.12,0.31,16.9,0.77,0.31,0.54,3.04,5.12
1110,0.14,2.03,0.07,0.0,16.5,35.7,1.49,94.2,0.54,0.14,0.95,17.3,0.81,0.54,0.81,2.16,2.97
1115,0.5,2.33,0.21,0.0,19.1,44.1,1.08,98.0,0.75,0.5,1.08,24.2,0.67,0.33,1.25,1.83,2.92
1116,0.42,2.68,0.16,0.0,14.5,34.8,1.27,62.4,0.56,0.14,0.42,10.8,0.7,0.14,0.85,1.55,4.79
1122,0.3,1.88,0.12,0.08,10.9,23.4,0.89,70.4,0.69,0.11,0.3,19.4,0.11,0.47,0.58,1.22,0.44
1124,0.22,3.08,0.05,0.11,17.4,37.4,0.97,100.5,0.92,0.38,0.16,15.9,0.65,0.59,0.76,1.14,1.3
1133,0.19,3.09,0.06,0.0,17.7,38.9,1.48,154.3,1.73,0.12,0.43,15.5,0.12,0.31,0.93,1.98,1.05
1141,0.2,3.03,0.07,0.2,19.8,46.3,2.02,184.0,3.33,0.3,0.61,23.0,0.51,0.2,1.62,1.72,1.11
1164,0.1,1.53,0.07,0.2,34.7,53.4,1.53,245.8,1.63,0.51,0.71,14.6,0.41,0.31,1.63,0.31,0.2
1165,0.11,2.45,0.04,0.11,17.7,42.6,1.7,135.0,0.32,0.11,0.74,19.4,0.21,0.21,1.06,3.09,1.49
1166,0.17,1.69,0.1,0.12,11.5,27.3,0.81,89.7,0.47,0.35,0.76,17.9,0.81,0.29,0.81,2.5,0.93
1168,0.13,2.66,0.05,0.13,13.6,31.9,0.84,84.9,0.52,0.19,0.65,21.4,0.78,0.39,1.62,2.4,3.96
1170,0.25,2.16,0.11,0.25,34.4,55.7,1.91,237.4,1.48,0.68,0.93,18.1,0.31,1.11,1.54,1.42,0.74
1178,0.66,3.96,0.14,0.11,26.3,43.4,0.77,125.8,0.44,0.33,0.29,6.67,1.14,0.18,0.44,0.59,1.76
1179,0.11,2.39,0.05,0.11,14.5,33.3,0.45,57.0,0.34,0.11,0.23,19.5,1.25,0.45,0.68,1.7,5.0
1199,0.05,1.88,0.03,0.14,33.1,55.8,2.71,236.2,2.22,0.43,1.21,20.0,0.39,1.35,1.16,1.69,0.58
1203,0.75,4.36,0.13,0.42,28.3,51.6,2.28,175.0,1.66,0.81,0.23,14.6,0.13,0.49,0.42,0.42,0.42
1211,0.3,2.45,0.12,0.05,18.5,37.7,0.5,97.8,0.2,0.25,0.3,15.3,0.55,0.25,0.8,1.4,3.6
1212,0.38,1.96,0.19,0.25,22.5,43.3,1.39,148.8,0.63,0.38,0.7,17.1,0.7,0.44,0.57,1.33,1.01
1214,0.51,3.37,0.15,0.2,36.2,59.8,2.65,219.7,1.43,0.61,1.12,16.7,0.1,0.71,0.2,1.12,1.22
1223,0.21,2.59,0.08,0.21,29.9,50.1,1.47,278.2,1.82,0.35,0.28,8.6,0.35,0.35,0.42,0.42,0.56
1225,0.38,2.31,0.17,0.0,12.6,26.9,0.87,55.0,0.48,0.0,0.29,14.6,0.1,0.67,0.58,1.44,1.83
1230,0.67,3.28,0.19,0.0,17.7,36.1,0.88,105.5,0.21,0.17,0.71,14.4,0.84,0.38,0.67,2.18,2.48
1233,1.04,3.81,0.26,0.13,12.6,30.5,0.82,60.3,0.13,0.69,0.09,11.1,1.17,0.22,0.52,0.65,2.77
1245,0.36,2.05,0.13,0.0,12.5,33.4,0.45,61.5,0.54,0.09,0.54,20.7,0.89,0.18,1.25,3.04,7.41
1248,0.24,1.94,0.13,0.16,15.9,38.3,0.65,62.6,0.08,0.24,0.32,21.7,1.69,0.65,0.89,1.29,5.16
1257,0.48,2.34,0.15,0.13,18.0,38.4,1.13,88.3,0.61,0.65,0.56,13.3,0.61,0.3,1.08,1.13,2.08
1260,0.0,2.97,0.0,0.0,14.5,33.6,0.94,135.2,0.63,0.16,0.78,23.3,0.31,0.63,0.16,2.19,2.19
1264,0.58,2.41,0.24,0.17,16.6,39.6,1.08,113.6,0.81,0.24,0.64,18.4,0.64,0.2,1.36,2.1,2.03
1273,0.16,1.88,0.08,0.16,23.6,39.4,0.16,97.8,0.31,0.47,0.31,13.3,0.63,0.0,0.94,0.94,2.97
1277,0.41,2.3,0.18,0.27,13.5,28.2,0.41,35.0,0.54,0.27,0.27,10.7,1.08,0.41,0.81,1.35,1.22
1281,0.22,1.59,0.14,0.14,21.8,39.7,1.45,338.8,3.04,0.29,0.29,8.55,0.22,0.14,0.8,1.09,0.72
1283,0.6,3.6,0.17,0.0,12.4,35.4,2.2,102.0,0.6,0.2,0.2,18.0,0.6,1.0,0.8,2.8,3.4
1296,0.55,2.29,0.2,0.21,30.6,50.9,2.25,211.3,2.2,0.47,0.76,13.4,0.13,0.64,0.64,1.14,0.21
1308,0.54,2.5,0.18,0.1,17.8,34.2,0.39,58.1,0.44,0.29,0.2,8.63,0.69,0.15,0.34,1.13,1.32
1310,0.2,2.48,0.08,0.59,17.9,43.7,1.78,136.5,0.69,0.79,0.3,10.5,0.4,0.1,0.69,2.48,1.98
1312,0.0,1.4,0.0,0.23,33.0,53.0,0.93,185.6,2.33,0.7,0.47,10.5,0.0,0.23,1.4,0.23,0.7
1316,0.0,0.45,0.0,0.0,8.86,25.5,1.14,97.5,1.59,0.0,0.68,20.5,0.91,0.23,0.0,2.05,3.41
1317,0.2,1.89,0.11,0.0,17.2,37.9,1.63,154.1,0.46,0.2,0.77,17.7,0.71,0.36,0.66,1.73,3.62
1347,0.47,2.9,0.14,0.2,29.5,50.5,2.24,212.7,2.2,0.47,0.24,10.4,0.43,1.22,1.22,0.71,1.25
1351,0.52,3.12,0.12,0.09,18.9,35.4,1.45,126.5,0.9,0.25,0.19,8.83,1.2,0.28,0.83,1.27,1.05
1352,0.34,2.35,0.14,0.0,11.7,33.4,1.43,109.3,1.51,0.17,0.34,18.9,0.5,0.42,0.67,0.67,0.84
1358,0.37,2.57,0.08,0.15,14.2,38.7,0.74,73.2,0.9,0.31,0.62,14.1,1.33,0.65,0.96,1.89,4.64
1361,0.59,3.82,0.15,0.29,16.2,30.6,1.18,83.2,0.59,0.59,0.29,11.2,0.0,0.29,1.76,0.29,0.29
1362,0.25,3.31,0.06,0.25,31.5,49.9,1.02,191.0,1.02,0.32,0.32,12.2,0.38,0.51,0.76,0.83,0.83
1369,0.25,1.67,0.15,0.0,14.9,25.6,0.31,59.7,0.49,0.12,0.31,10.1,0.49,0.19,0.37,0.43,1.17
1371,0.08,1.93,0.04,0.0,20.6,41.8,5.29,303.3,2.35,0.17,0.76,11.8,0.17,0.34,0.67,1.09,1.01
1389,0.56,1.67,0.27,0.0,12.1,24.9,0.56,49.1,0.0,0.22,0.11,22.1,0.22,0.56,1.22,1.44,0.89
1391,0.39,1.97,0.2,0.07,11.6,24.5,0.54,68.4,0.79,0.07,0.14,12.0,0.5,0.32,0.57,0.61,0.54
1392,0.51,2.64,0.17,0.03,13.5,35.7,0.84,66.7,0.42,0.13,0.58,24.4,1.03,0.23,1.0,2.77,5.5
1403,0.75,2.64,0.28,0.1,9.55,20.6,0.6,68.9,0.85,0.25,0.2,13.7,0.8,0.35,0.5,0.7,1.39
1426,0.33,3.11,0.11,0.0,12.6,33.6,0.82,102.1,0.66,0.16,0.49,16.4,0.98,0.0,1.15,1.97,3.61
1430,0.58,3.75,0.16,0.08,13.3,34.5,0.67,100.7,0.5,0.17,0.17,8.42,0.5,0.17,0.17,0.83,1.58
1431,0.83,3.35,0.17,0.1,13.5,34.4,0.78,85.3,0.87,0.53,0.15,9.17,0.73,0.19,0.83,0.97,2.18
1437,0.27,2.53,0.11,0.4,10.1,28.3,0.67,45.3,0.4,0.4,1.07,21.2,1.2,0.4,0.67,1.73,2.53
1446,0.34,2.35,0.13,0.06,15.0,33.5,0.98,95.9,0.7,0.24,0.43,17.6,0.79,0.52,1.28,1.16,2.68
1448,0.12,1.86,0.07,0.19,17.9,39.8,0.87,69.6,0.5,0.31,0.75,32.2,0.75,0.5,1.86,2.05,4.1
1449,0.35,2.2,0.13,0.06,18.6,36.7,0.52,69.2,0.12,0.17,0.4,23.3,0.58,0.17,0.92,0.98,3.12
1450,0.37,2.62,0.14,0.12,13.8,30.5,0.91,93.5,0.37,0.24,0.73,16.0,1.04,0.3,1.22,1.16,2.87
1457,0.26,3.04,0.07,0.16,14.4,34.4,0.97,115.0,1.81,0.16,0.36,14.0,0.71,0.13,0.55,0.91,1.94
1460,0.52,2.08,0.19,0.0,7.99,23.8,1.04,50.3,0.32,0.0,0.39,12.3,0.78,0.26,0.58,2.01,1.95
1463,0.14,1.36,0.05,0.0,12.2,31.3,0.34,30.6,0.14,0.14,0.2,16.9,0.54,0.14,0.54,1.5,9.93
1464,0.2,2.04,0.1,0.0,12.0,29.7,0.33,42.2,0.33,0.13,0.53,13.0,0.39,0.26,1.05,0.92,7.5
1467,0.29,3.14,0.09,0.0,22.6,42.6,1.43,195.1,1.43,0.0,0.0,17.1,0.29,0.29,1.43,0.29,1.14
1468,0.0,1.7,0.0,0.11,12.9,38.1,1.49,126.0,1.38,0.32,0.85,24.1,0.53,0.11,2.66,3.19,3.09
1469,0.16,2.8,0.03,0.12,16.6,33.4,0.45,98.9,1.5,0.2,0.12,10.0,0.41,0.24,0.53,0.93,1.06
1472,0.19,1.59,0.12,0.24,29.3,49.1,2.4,263.1,2.02,0.53,1.11,16.0,0.34,1.3,1.59,1.54,0.87
1474,0.46,2.02,0.15,0.03,24.4,49.9,2.54,215.0,1.6,0.39,1.14,20.1,0.13,0.78,0.88,1.34,0.62
1479,0.09,3.2,0.03,0.05,18.0,44.2,2.65,229.5,1.32,0.41,0.55,16.7,0.27,0.68,0.73,2.6,0.73
1481,0.52,4.08,0.09,0.21,22.3,45.3,1.73,166.0,1.73,0.42,0.21,8.64,0.37,0.42,0.68,1.68,2.15
1487,0.44,2.44,0.18,0.67,20.7,42.2,3.56,152.2,1.78,0.67,0.22,15.8,0.0,0.44,0.89,0.89,0.0
1491,0.45,1.67,0.27,0.3,18.2,30.0,0.3,63.8,1.67,0.3,0.3,17.1,0.3,0.45,0.61,2.42,1.21
1497,0.21,2.07,0.08,0.17,17.7,37.5,0.5,37.3,0.29,0.33,0.17,10.3,1.45,0.08,0.41,1.2,12.4
